Teste;Tamanho;Aleatorio;Crescente;Decrescente;Quase;Estavel
1;10;0.000000;0.000000;0.000000;0.000000;SIM
2;100;0.100000;0.000000;0.000000;0.033333;SIM
3;1000;2.433333;2.000000;4.000000;1.833333;SIM
4;10000;222.400000;123.000000;247.000000;189.233333;SIM
