Tamanho;Aleatorio (Med);Crescente;Decrescente;Quase Ordenado (Med)
1000;0.000567;0.001000;0.000000;0.000600
5000;0.012400;0.012000;0.016000;0.012200
10000;0.050767;0.049000;0.064000;0.049133
