Teste;Tamanho;Aleatorio;Crescente;Decrescente;Quase;Estavel
1;10;0.000000;0.000000;0.000000;0.000000;NAO
2;100;0.000000;0.000000;0.000000;0.033333;NAO
3;1000;1.500000;2.000000;2.000000;1.500000;NAO
4;10000;124.266667;127.000000;167.000000;113.000000;NAO
